{"components/category/product-listing":"{{> components/products/filter sort=pagination.category.sort}}\n\n<form action=\"{{urls.compare}}\" method='POST' data-product-compare>\n    {{#if theme_settings.product_list_display_mode '===' 'grid'}}\n        {{> components/products/grid products=category.products show_compare=category.show_compare theme_settings=theme_settings}}\n    {{else}}\n        {{> components/products/list products=category.products show_compare=category.show_compare theme_settings=theme_settings}}\n    {{/if}}\n</form>\n\n{{> components/common/paginator pagination.category}}\n","components/products/filter":"<form class=\"actionBar\" method=\"get\" data-sort-by>\n    {{#if theme_settings.product_list_display_mode '===' 'grid'}}\n        {{#if theme_settings.enable_grid_list_view}}\n            {{> components/category/grid-list-switcher}}\n        {{/if}}\n    {{/if}}\n    {{> components/category/sort-box sort=sort}}\n</form>\n\n{{> components/category/category-count}}\n","components/products/list":"<ul class=\"productList\">\n    {{#each products}}\n    <li class=\"product\">\n        {{>components/products/list-item show_compare=../show_compare show_rating=../settings.show_product_rating theme_settings=../theme_settings}}\n    </li>\n    {{/each}}\n</ul>\n","components/products/grid":"<ul class=\"productGrid\">\n    {{#each products}}\n    <li class=\"product\">\n        {{>components/products/card show_compare=../show_compare show_rating=../settings.show_product_rating theme_settings=../theme_settings customer=../customer}}\n    </li>\n    {{/each}}\n</ul>\n","components/common/paginator":"<div class=\"pagination\">\n    <ul class=\"pagination-list\">\n        {{#if previous}}\n            <li class=\"pagination-item pagination-item--previous\">\n                <a class=\"pagination-link\" href=\"{{previous}}\" {{#unless reload}}data-faceted-search-facet{{/unless}}>\n                    <i class=\"icon\" aria-hidden=\"true\">\n                        <svg>\n                            <use xmlns:xlink=\"http://www.w3.org/1999/xlink\" xlink:href=\"#icon-chevron-left\"></use>\n                        </svg>\n                    </i>\n                    {{lang 'common.previous'}}\n                </a>\n            </li>\n        {{/if}}\n        {{#each links}}\n            {{#if this.number '==' ../current}}\n                <li class=\"pagination-item pagination-item--current\">\n                    <a class=\"pagination-link\" href=\"{{this.url}}\" {{#unless reload}}data-faceted-search-facet{{/unless}}>{{this.number}}</a>\n                </li>\n            {{else}}\n                <li class=\"pagination-item\">\n                    <a class=\"pagination-link\" href=\"{{this.url}}\" {{#unless reload}}data-faceted-search-facet{{/unless}}>{{this.number}}</a>\n                </li>\n            {{/if}}\n        {{/each}}\n\n        {{#if next}}\n            <li class=\"pagination-item pagination-item--next\">\n                <a class=\"pagination-link\" href=\"{{next}}\" {{#unless reload}}data-faceted-search-facet{{/unless}}>\n                    {{lang 'common.next'}}\n                    <i class=\"icon\" aria-hidden=\"true\">\n                        <svg>\n                            <use xmlns:xlink=\"http://www.w3.org/1999/xlink\" xlink:href=\"#icon-chevron-right\"></use>\n                        </svg>\n                    </i>\n                </a>\n            </li>\n        {{/if}}\n    </ul>\n</div>\n","components/category/grid-list-switcher":"<div class=\"grid-list-switcher\">\n    <a href=\"#\" class=\"switcher switch-grid\" data-switch=\"grid\"><i class=\"fa fa-th\" aria-hidden=\"true\"></i></a>\n    <a href=\"#\" class=\"switcher switch-list\" data-switch=\"list\"><i class=\"fa fa-th-list\" aria-hidden=\"true\"></i></a>\n</div>\n","components/category/sort-box":"<fieldset class=\"form-fieldset actionBar-section\">\n    <div class=\"form-field\">\n        <label class=\"form-label\" for=\"sort\">{{lang 'common.sorter.sort_by'}}</label>\n        <select class=\"form-select form-select--small\" name=\"sort\" id=\"sort\">\n            <option value=\"featured\" {{#if sort '==' 'featured'}}selected{{/if}}>{{lang 'common.sorter.featured'}}</option>\n            <option value=\"newest\" {{#if sort '==' 'newest'}}selected{{/if}}>{{lang 'common.sorter.newest'}}</option>\n            <option value=\"bestselling\" {{#if sort '==' 'bestselling'}}selected{{/if}}>{{lang 'common.sorter.top_sellers'}}</option>\n            <option value=\"alphaasc\" {{#if sort '==' 'alphaasc'}}selected{{/if}}>{{lang 'common.sorter.alpha_asc'}}</option>\n            <option value=\"alphadesc\" {{#if sort '==' 'alphadesc'}}selected{{/if}}>{{lang 'common.sorter.alpha_desc'}}</option>\n            <option value=\"avgcustomerreview\" {{#if sort '==' 'avgcustomerreview'}}selected{{/if}}>{{lang 'common.sorter.reviews'}}</option>\n            <option value=\"priceasc\" {{#if sort '==' 'priceasc'}}selected{{/if}}>{{lang 'common.sorter.price_asc'}}</option>\n            <option value=\"pricedesc\" {{#if sort '==' 'pricedesc'}}selected{{/if}}>{{lang 'common.sorter.price_desc'}}</option>\n            {{#if result_count}}\n                <option value=\"relevance\" {{#if sort '==' 'relevance'}}selected{{/if}}>{{lang 'common.sorter.relevance'}}</option>\n            {{/if}}\n        </select>\n    </div>\n</fieldset>\n\n","components/category/category-count":"<div class=\"category-count actionBar\">\n{{#if category.count}}\n    <span>{{lang \"categories.showing\"}} {{category.count}} {{lang \"categories.of\"}} {{category.total_products}} {{lang \"categories.products\"}}. {{#if category.faceted_search_enabled}}{{#if category.total_products '<=' 100}}<a href=\"{{this.url}}?limit={{category.total_products}}\">{{lang \"categories.show_all\"}} {{category.total_products}} {{lang \"categories.products\"}}</a>{{/if}}{{/if}}</span>\n{{else}}\n    <span>{{lang \"categories.showing_all\"}} {{#if category.total_products '>' 1}}{{category.total_products}}{{/if}} {{lang \"categories.products\"}}</span>\n{{/if}}\n</div>\n","components/products/list-item":"<article class=\"listItem\">\n    <figure class=\"listItem-figure\">\n        <img class=\"listItem-image\" src=\"{{getImage image 'productgallery_size' (cdn theme_settings.default_image_product)}}\" alt=\"{{image.alt}}\" title=\"{{image.alt}}\">\n    </figure>\n    <div class=\"listItem-body\">\n        <div class=\"listItem-content\">\n            <div class=\"listItem-details\">\n                {{#if show_rating}}\n                    <p class=\"listItem-rating\">{{> components/products/ratings rating=rating}}</p>\n                {{/if}}\n                {{#if brand.name}}\n                <p class=\"listItem-brand\">{{brand.name}}</p>\n                {{/if}}\n                <h4 class=\"listItem-title\">\n                    <a href=\"{{url}}\">{{name}}</a>\n                </h4>\n                {{#if summary}}\n                    <p>{{summary}}</p>\n                {{/if}}\n            </div>\n            <div class=\"listItem-actions\">\n                {{#if price}}\n                    <div class=\"listItem-price\">{{> components/products/price price=price}}</div>\n                {{/if}}\n                {{#unless hide_add_to_cart}}\n                    {{#if has_options}}\n                        <a href=\"{{url}}\" class=\"button button--primary\" data-product-id=\"{{id}}\">{{lang \"products.choose_options\"}}</a>\n                    {{else}}\n                        {{#if out_of_stock_message }}\n                        <span href=\"{{url}}\" class=\"button button--primary\">{{out_of_stock_message}}</span>\n                        {{else}}\n                        <a href=\"{{add_to_cart_url}}\" class=\"button button--primary\">{{lang \"products.add_to_cart\"}}</a>\n                        {{/if}}\n                    {{/if}}\n                {{/unless}}\n                {{#if show_compare}}\n                    <label class=\"button button--small\" for=\"compare-{{id}}\">\n                        {{lang \"products.compare\"}} <input type=\"checkbox\" name=\"products[]\" value=\"{{id}}\" id=\"compare-{{id}}\" data-compare-id=\"{{id}}\">\n                    </label>\n                {{/if}}\n            </div>\n        </div>\n    </div>\n</article>\n","components/products/card":"<article class=\"card {{#if alternate}}card--alternate{{/if}} {{#unless is_ajax}}{{#if theme_settings.enable_hover_cards}}hover-card{{/if}}{{/unless}}\">\n    {{#unless is_ajax}}\n        <div class=\"card-badges\">\n        {{#each custom_fields}}\n            {{#if this.name '==' 'GridTag'}}\n            <span class=\"badge product-grid-tag\">{{this.value}}</span>\n            {{/if}}\n        {{/each}}\n        {{#or customer (if theme_settings.restrict_to_login '!==' true)}}\n            {{#if theme_settings.enable_discount_badges}}\n                {{#if price.saved}}\n                    {{#if theme_settings.enable_percentage_sale_badge}}\n                        <script type=\"text/javascript\">\n                            (function(){\n                                var saving = {{price.saved.value}};\n                                var rrp = {{#if price.rrp_without_tax.value}}{{price.rrp_without_tax.value}}{{else}}{{price.rrp_with_tax.value}}{{/if}};\n                                var discount = parseInt((saving/rrp)*100);\n                                document.write('<span class=\"badge sale-saving-badge\">{{lang \"products.saving_percentage\"}} ' + discount + '%</span>');\n                            })();\n                        </script>\n                        {{else}}\n                        <span class=\"badge sale-saving-badge\">{{lang \"products.on_sale\"}}</span>\n                    {{/if}}\n                {{/if}}\n            {{/if}}\n            {{#if theme_settings.enable_selling_fast}}\n                {{#if stock_level '<' low_stock_level}}\n                    <span class=\"badge selling-fast-tag\">{{lang \"products.selling_fast\"}}</span>\n                {{/if}}\n            {{/if}}\n            {{#if out_of_stock_message }}\n                <span class=\"badge out-of-stock\">{{out_of_stock_message}}</span>\n            {{/if}}\n        {{/or}}\n        {{#if theme_settings.enable_new_product_badges}}\n            <script type=\"text/javascript\">\n                (function(){\n                    var dateAdded = '{{date_added}}';\n                    var monthAdded = dateAdded.substr(dateAdded.indexOf(\" \")  + 1);\n                    var now = new Date();\n                    var month = new Array();\n                    month[0] = \"Jan\";\n                    month[1] = \"Feb\";\n                    month[2] = \"Mar\";\n                    month[3] = \"Apr\";\n                    month[4] = \"May\";\n                    month[5] = \"Jun\";\n                    month[6] = \"Jul\";\n                    month[7] = \"Aug\";\n                    month[8] = \"Sep\";\n                    month[9] = \"Oct\";\n                    month[10] = \"Nov\";\n                    month[11] = \"Dec\";\n                    var thisMonth = month[now.getMonth()] + ' ' + now.getFullYear();\n\n                    thisMonth == monthAdded ? document.write('<span class=\"badge new-product-badge\">{{lang \"products.new_product\"}}</span>') : null;\n                })();\n            </script>\n        {{/if}}\n        </div>\n    {{/unless}}\n    <figure class=\"card-figure\">\n        {{#or price.non_sale_price_with_tax price.non_sale_price_without_tax}}\n            {{#if theme_settings.product_sale_badges '===' 'sash'}}\n                <div class=\"sale-flag-sash\">\n                    <span class=\"sale-text\">{{lang 'products.on_sale'}}</span>\n                </div>\n            {{else if theme_settings.product_sale_badges '===' 'topleft'}}\n                <div class=\"sale-flag-side\">\n                    <span class=\"sale-text\">{{lang 'products.on_sale'}}</span>\n                </div>\n            {{else if theme_settings.product_sale_badges '===' 'burst'}}\n                <div class=\"starwrap\">\n                    <div class=\"sale-text-burst\">{{lang 'products.on_sale'}}</div>\n                    <div class=\"sale-flag-star\"></div>\n                </div>\n            {{/if}}\n        {{/or}}\n        <a href=\"{{url}}\">\n            {{#if theme_settings.enable_image_hover_switcher}}\n                {{#unless is_ajax}}\n                    <img class=\"card-image ll\" data-original=\"{{getImage image 'productgallery_size' (cdn theme_settings.default_image_product)}}\" data-lazy=\"{{getImage image 'productgallery_size' (cdn theme_settings.default_image_product)}}\"{{#if images.[1]}} data-hover=\"{{getImage images.[1] 'productgallery_size'}}\"{{/if}} alt=\"{{image.alt}}\" title=\"{{image.alt}}\" width=\"150\" height=\"200\">\n                    <noscript>\n                        <img class=\"card-image\" src=\"{{getImage image 'productgallery_size' (cdn theme_settings.default_image_product)}}\" alt=\"{{image.alt}}\" title=\"{{image.alt}}\">\n                    </noscript>\n                {{/unless}}\n                {{else}}\n                <img class=\"card-image\" src=\"{{getImage image 'productgallery_size' (cdn theme_settings.default_image_product)}}\" alt=\"{{image.alt}}\" title=\"{{image.alt}}\">\n            {{/if}}\n            {{#if is_ajax}}\n                <img class=\"card-image\" src=\"{{getImage image 'productgallery_size' (cdn theme_settings.default_image_product)}}\" alt=\"{{image.alt}}\" title=\"{{image.alt}}\">\n            {{/if}}\n        </a>\n        {{#unless theme_settings.hide_card_buttons}}\n        <figcaption class=\"card-figcaption\">\n            <div class=\"card-figcaption-utility-buttons\">\n                {{#if theme_settings.show_product_quick_view}}\n                    <a href=\"#\" class=\"button button--small card-figcaption-button quickview\" data-product-id=\"{{id}}\">\n                        <i class=\"fa fa-search\" aria-hidden=\"true\"></i>\n                    </a>\n                {{/if}}\n                {{#if show_compare}}\n                    <div class=\"button button--small card-figcaption-button\">\n                        <input type=\"checkbox\" name=\"products[]\" value=\"{{id}}\" id=\"compare-{{id}}\" data-compare-id=\"{{id}}\"> <label for=\"compare-{{id}}\"><i class=\"fa fa-exchange\" aria-hidden=\"true\"></i></label>\n                    </div>\n                {{/if}}\n                {{#if theme_settings.enable_wishlist_on_grid}}\n                    <a href=\"{{add_to_wishlist_url}}\" class=\"button button--small card-figcaption-button\"><i class=\"fa fa-heart\" aria-hidden=\"true\"></i></a>\n                {{/if}}\n            </div>\n            <div class=\"card-figcaption-body\">\n                {{#or customer (if theme_settings.restrict_to_login '!==' true)}}\n                    {{#if show_cart_action}}\n                        {{#if has_options}}\n                            <a href=\"{{url}}\" class=\"button button--small card-figcaption-button button--action\" data-product-id=\"{{id}}\">{{lang 'products.choose_options'}}</a>\n                        {{/if}}\n                        {{#if pre_order}}\n                            <a href=\"{{url}}\" class=\"button button--small card-figcaption-button button--action\">{{lang 'products.pre_order'}}</a>\n                        {{/if}}\n                        {{#if add_to_cart_url }}\n                            <a href=\"{{add_to_cart_url}}\" class=\"button button--small card-figcaption-button button--action\">{{lang 'products.add_to_cart'}}</a>\n                        {{/if}}\n                    {{/if}}\n                {{/or}}\n            </div>\n        </figcaption>\n        {{/unless}}\n    </figure>\n    <div class=\"card-body\">\n        {{#if show_rating}}\n            <p class=\"card-text\" data-test-info-type=\"productRating\">\n                <span class=\"rating--small\">\n                    {{> components/products/ratings rating=rating}}\n                </span>\n            </p>\n        {{/if}}\n        {{#if brand.name}}\n            <p class=\"card-text\" data-test-info-type=\"brandName\">{{brand.name}}</p>\n        {{/if}}\n        <h4 class=\"card-title\">\n            <a href=\"{{url}}\">{{name}}</a>\n        </h4>\n        <div class=\"card-text\" data-test-info-type=\"price\">\n            {{#or customer (if theme_settings.restrict_to_login '!==' true)}}\n                {{> components/products/price price=price customer=customer}}\n            {{else}}\n                {{> components/common/login-for-pricing}}\n            {{/or}}\n        </div>\n        {{#if has_options}}\n        <div class=\"card-swatches\" data-url=\"{{url}}\" data-id=\"{{id}}\">\n        </div>\n        {{/if}}\n        {{#if stock_level}}\n            <div class=\"card-text\">\n                {{stock_level}} {{lang \"products.in_stock_info\"}}\n            </div>\n        {{/if}}\n        {{#or customer (if theme_settings.restrict_to_login '!==' true)}}\n            {{#if show_cart_action}}\n                {{#if has_options}}\n                    <a href=\"{{url}}\" class=\"button button--small card-figcaption-button button--action\" data-product-id=\"{{id}}\">{{lang 'products.choose_options'}}</a>\n                {{/if}}\n                {{#if pre_order}}\n                    <a href=\"{{url}}\" class=\"button button--small card-figcaption-button button--action\">{{lang 'products.pre_order'}}</a>\n                {{/if}}\n                {{#if add_to_cart_url }}\n                    <a href=\"{{add_to_cart_url}}\" class=\"button button--small card-figcaption-button button--action\">{{lang 'products.add_to_cart'}}</a>\n                {{/if}}\n            {{/if}}\n        {{/or}}\n    </div>\n</article>\n","components/products/ratings":"{{#for 1 5}}\n    {{#if ../this.rating '>=' $index}}\n        <span class=\"icon icon--ratingFull\">\n            <svg>\n                <use xlink:href=\"#icon-star\" />\n            </svg>\n        </span>\n    {{else}}\n        <span class=\"icon icon--ratingEmpty\">\n            <svg>\n                <use xlink:href=\"#icon-star\" />\n            </svg>\n        </span>\n    {{/if}}\n{{/for}}\n{{{snippet 'product_rating'}}}\n","components/products/price":"{{#or has_options product.options.length}}\n    {{#if price.with_tax}}\n        <div class=\"price-section price-section--withTax\" {{#if schema_org}}itemprop=\"offers\" itemscope itemtype=\"http://schema.org/Offer\"{{/if}}>\n            {{#if price.rrp_with_tax}}\n                <span data-product-rrp-with-tax class=\"price price--rrp\">{{price.rrp_with_tax.formatted}}</span>\n            {{/if}}\n            {{#if page_type '!==' 'product'}}\n                {{#if theme_settings.price_as_low_as}}\n                    <span>{{lang 'products.as_low_as'}} </span>\n                {{/if}}\n            {{/if}}\n            <span data-product-price-with-tax class=\"price\">{{price.with_tax.formatted}}</span>\n            {{#if price.without_tax}}\n                {{lang 'products.price_with_tax' tax_label=price.tax_label}}\n            {{/if}}\n        </div>\n    {{/if}}\n    {{#if price.without_tax}}\n        <div class=\"price-section price-section--withoutTax {{#if price.with_tax}}price-section--minor{{/if}}\"  {{#if schema_org}}itemprop=\"offers\" itemscope itemtype=\"http://schema.org/Offer\"{{/if}}>\n            {{#if price.rrp_without_tax}}\n                <span data-product-rrp-without-tax class=\"price price--rrp\">{{price.rrp_without_tax.formatted}}</span>\n            {{/if}}\n            {{#if schema_org}}\n                <meta itemprop=\"price\" content=\"{{price.without_tax.value}}\">\n                <meta itemprop=\"priceCurrency\" content=\"{{currency_selector.active_currency_code}}\">\n                <meta itemprop=\"availability\" content=\"{{product.availability}}\">\n                <meta itemprop=\"itemCondition\" itemtype=\"http://schema.org/OfferItemCondition\" content=\"http://schema.org/{{product.condition}}Condition\">\n            {{/if}}\n            {{#if page_type '!==' 'product'}}\n                {{#if theme_settings.price_as_low_as}}\n                    <span>{{lang 'products.as_low_as'}} </span>\n                {{/if}}\n            {{/if}}\n            <span data-product-price-without-tax class=\"price price--withoutTax\">{{price.without_tax.formatted}}</span>\n            {{#if price.with_tax}}\n                <abbr title=\"{{lang 'products.excluding_tax'}}\">{{lang 'products.price_without_tax' tax_label=price.tax_label}}</abbr>\n            {{/if}}\n        </div>\n    {{/if}}\n    {{#if page_type '===' 'product'}}\n        {{#if price.saved}}\n            <div class=\"price-section price-section--saving\">\n                <span class=\"price\">\n                    {{lang 'products.you_save' amount=price.saved.formatted}}\n                </span>\n            </div>\n        {{/if}}\n    {{/if}}\n{{else}}\n    {{#if price.with_tax}}\n        <div class=\"price-section price-section--withTax\" {{#if schema_org}}itemprop=\"offers\" itemscope itemtype=\"http://schema.org/Offer\"{{/if}}>\n            {{#if price.rrp_with_tax}}\n                <span data-product-rrp-with-tax class=\"price price--rrp\">{{price.rrp_with_tax.formatted}}</span>\n            {{/if}}\n            <span data-product-price-with-tax class=\"price\">{{price.with_tax.formatted}}</span>\n            {{#if price.without_tax}}\n                {{lang 'products.price_with_tax' tax_label=price.tax_label}}\n            {{/if}}\n        </div>\n    {{/if}}\n    {{#if price.without_tax}}\n        <div class=\"price-section price-section--withoutTax {{#if price.with_tax}}price-section--minor{{/if}}\"  {{#if schema_org}}itemprop=\"offers\" itemscope itemtype=\"http://schema.org/Offer\"{{/if}}>\n            {{#if price.rrp_without_tax}}\n                <span data-product-rrp-without-tax class=\"price price--rrp\">{{price.rrp_without_tax.formatted}}</span>\n            {{/if}}\n            {{#if schema_org}}\n                <meta itemprop=\"price\" content=\"{{price.without_tax.value}}\">\n                <meta itemprop=\"priceCurrency\" content=\"{{currency_selector.active_currency_code}}\">\n            {{/if}}\n            <span data-product-price-without-tax class=\"price price--withoutTax\">{{price.without_tax.formatted}}</span>\n            {{#if price.with_tax}}\n                <abbr title=\"{{lang 'products.excluding_tax'}}\">{{lang 'products.price_without_tax' tax_label=price.tax_label}}</abbr>\n            {{/if}}\n        </div>\n    {{/if}}\n    {{#if page_type '===' 'product'}}\n        {{#if price.saved}}\n            <div class=\"price-section price-section--saving\">\n                <span class=\"price\">\n                    {{lang 'products.you_save' amount=price.saved.formatted}}\n                </span>\n            </div>\n        {{/if}}\n    {{/if}}\n{{/or}}\n","components/common/login-for-pricing":"<p>{{lang 'login.login_for_pricing'}}</p>\n"}