{"components/products/carousel":"<section class=\"productCarousel\"\n    data-slick='{\n        \"dots\": true,\n        \"infinite\": false,\n        \"mobileFirst\": true,\n        \"slidesToShow\": 2,\n        \"slidesToScroll\": 2,\n        \"responsive\": [\n            {\n                \"breakpoint\": 1260,\n                \"settings\": {\n                    \"slidesToScroll\": 3,\n                    \"slidesToShow\": {{ columns }}\n                }\n            },\n            {\n                \"breakpoint\": 800,\n                \"settings\": {\n                    \"slidesToScroll\": 3,\n                    \"slidesToShow\": 5\n                }\n            },\n            {\n                \"breakpoint\": 550,\n                \"settings\": {\n                    \"slidesToScroll\": 3,\n                    \"slidesToShow\": 3\n                }\n            }\n        ]\n    }'\n>\n    {{#each products}}\n    <div class=\"productCarousel-slide\">\n        {{> components/products/card theme_settings=../theme_settings customer=../customer}}\n    </div>\n    {{/each}}\n</section>\n","components/products/card":"<article class=\"card {{#if alternate}}card--alternate{{/if}} {{#unless is_ajax}}{{#if theme_settings.enable_hover_cards}}hover-card{{/if}}{{/unless}}\">\n    {{#unless is_ajax}}\n        <div class=\"card-badges\">\n        {{#each custom_fields}}\n            {{#if this.name '==' 'GridTag'}}\n            <span class=\"badge product-grid-tag\">{{this.value}}</span>\n            {{/if}}\n        {{/each}}\n        {{#or customer (if theme_settings.restrict_to_login '!==' true)}}\n            {{#if theme_settings.enable_discount_badges}}\n                {{#if price.saved}}\n                    {{#if theme_settings.enable_percentage_sale_badge}}\n                        <script type=\"text/javascript\">\n                            (function(){\n                                var saving = {{price.saved.value}};\n                                var rrp = {{#if price.rrp_without_tax.value}}{{price.rrp_without_tax.value}}{{else}}{{price.rrp_with_tax.value}}{{/if}};\n                                var discount = parseInt((saving/rrp)*100);\n                                document.write('<span class=\"badge sale-saving-badge\">{{lang \"products.saving_percentage\"}} ' + discount + '%</span>');\n                            })();\n                        </script>\n                        {{else}}\n                        <span class=\"badge sale-saving-badge\">{{lang \"products.on_sale\"}}</span>\n                    {{/if}}\n                {{/if}}\n            {{/if}}\n            {{#if theme_settings.enable_selling_fast}}\n                {{#if stock_level '<' low_stock_level}}\n                    <span class=\"badge selling-fast-tag\">{{lang \"products.selling_fast\"}}</span>\n                {{/if}}\n            {{/if}}\n            {{#if out_of_stock_message }}\n                <span class=\"badge out-of-stock\">{{out_of_stock_message}}</span>\n            {{/if}}\n        {{/or}}\n        {{#if theme_settings.enable_new_product_badges}}\n            <script type=\"text/javascript\">\n                (function(){\n                    var dateAdded = '{{date_added}}';\n                    var monthAdded = dateAdded.substr(dateAdded.indexOf(\" \")  + 1);\n                    var now = new Date();\n                    var month = new Array();\n                    month[0] = \"Jan\";\n                    month[1] = \"Feb\";\n                    month[2] = \"Mar\";\n                    month[3] = \"Apr\";\n                    month[4] = \"May\";\n                    month[5] = \"Jun\";\n                    month[6] = \"Jul\";\n                    month[7] = \"Aug\";\n                    month[8] = \"Sep\";\n                    month[9] = \"Oct\";\n                    month[10] = \"Nov\";\n                    month[11] = \"Dec\";\n                    var thisMonth = month[now.getMonth()] + ' ' + now.getFullYear();\n\n                    thisMonth == monthAdded ? document.write('<span class=\"badge new-product-badge\">{{lang \"products.new_product\"}}</span>') : null;\n                })();\n            </script>\n        {{/if}}\n        </div>\n    {{/unless}}\n    <figure class=\"card-figure\">\n        {{#or price.non_sale_price_with_tax price.non_sale_price_without_tax}}\n            {{#if theme_settings.product_sale_badges '===' 'sash'}}\n                <div class=\"sale-flag-sash\">\n                    <span class=\"sale-text\">{{lang 'products.on_sale'}}</span>\n                </div>\n            {{else if theme_settings.product_sale_badges '===' 'topleft'}}\n                <div class=\"sale-flag-side\">\n                    <span class=\"sale-text\">{{lang 'products.on_sale'}}</span>\n                </div>\n            {{else if theme_settings.product_sale_badges '===' 'burst'}}\n                <div class=\"starwrap\">\n                    <div class=\"sale-text-burst\">{{lang 'products.on_sale'}}</div>\n                    <div class=\"sale-flag-star\"></div>\n                </div>\n            {{/if}}\n        {{/or}}\n        <a href=\"{{url}}\">\n            {{#if theme_settings.enable_image_hover_switcher}}\n                {{#unless is_ajax}}\n                    <img class=\"card-image ll\" data-original=\"{{getImage image 'productgallery_size' (cdn theme_settings.default_image_product)}}\" data-lazy=\"{{getImage image 'productgallery_size' (cdn theme_settings.default_image_product)}}\"{{#if images.[1]}} data-hover=\"{{getImage images.[1] 'productgallery_size'}}\"{{/if}} alt=\"{{image.alt}}\" title=\"{{image.alt}}\" width=\"150\" height=\"200\">\n                    <noscript>\n                        <img class=\"card-image\" src=\"{{getImage image 'productgallery_size' (cdn theme_settings.default_image_product)}}\" alt=\"{{image.alt}}\" title=\"{{image.alt}}\">\n                    </noscript>\n                {{/unless}}\n                {{else}}\n                <img class=\"card-image\" src=\"{{getImage image 'productgallery_size' (cdn theme_settings.default_image_product)}}\" alt=\"{{image.alt}}\" title=\"{{image.alt}}\">\n            {{/if}}\n            {{#if is_ajax}}\n                <img class=\"card-image\" src=\"{{getImage image 'productgallery_size' (cdn theme_settings.default_image_product)}}\" alt=\"{{image.alt}}\" title=\"{{image.alt}}\">\n            {{/if}}\n        </a>\n        {{#unless theme_settings.hide_card_buttons}}\n        <figcaption class=\"card-figcaption\">\n            <div class=\"card-figcaption-utility-buttons\">\n                {{#if theme_settings.show_product_quick_view}}\n                    <a href=\"#\" class=\"button button--small card-figcaption-button quickview\" data-product-id=\"{{id}}\">\n                        <i class=\"fa fa-search\" aria-hidden=\"true\"></i>\n                    </a>\n                {{/if}}\n                {{#if show_compare}}\n                    <div class=\"button button--small card-figcaption-button\">\n                        <input type=\"checkbox\" name=\"products[]\" value=\"{{id}}\" id=\"compare-{{id}}\" data-compare-id=\"{{id}}\"> <label for=\"compare-{{id}}\"><i class=\"fa fa-exchange\" aria-hidden=\"true\"></i></label>\n                    </div>\n                {{/if}}\n                {{#if theme_settings.enable_wishlist_on_grid}}\n                    <a href=\"{{add_to_wishlist_url}}\" class=\"button button--small card-figcaption-button\"><i class=\"fa fa-heart\" aria-hidden=\"true\"></i></a>\n                {{/if}}\n            </div>\n            <div class=\"card-figcaption-body\">\n                {{#or customer (if theme_settings.restrict_to_login '!==' true)}}\n                    {{#if show_cart_action}}\n                        {{#if has_options}}\n                            <a href=\"{{url}}\" class=\"button button--small card-figcaption-button button--action\" data-product-id=\"{{id}}\">{{lang 'products.choose_options'}}</a>\n                        {{/if}}\n                        {{#if pre_order}}\n                            <a href=\"{{url}}\" class=\"button button--small card-figcaption-button button--action\">{{lang 'products.pre_order'}}</a>\n                        {{/if}}\n                        {{#if add_to_cart_url }}\n                            <a href=\"{{add_to_cart_url}}\" class=\"button button--small card-figcaption-button button--action\">{{lang 'products.add_to_cart'}}</a>\n                        {{/if}}\n                    {{/if}}\n                {{/or}}\n            </div>\n        </figcaption>\n        {{/unless}}\n    </figure>\n    <div class=\"card-body\">\n        {{#if show_rating}}\n            <p class=\"card-text\" data-test-info-type=\"productRating\">\n                <span class=\"rating--small\">\n                    {{> components/products/ratings rating=rating}}\n                </span>\n            </p>\n        {{/if}}\n        {{#if brand.name}}\n            <p class=\"card-text\" data-test-info-type=\"brandName\">{{brand.name}}</p>\n        {{/if}}\n        <h4 class=\"card-title\">\n            <a href=\"{{url}}\">{{name}}</a>\n        </h4>\n        <div class=\"card-text\" data-test-info-type=\"price\">\n            {{#or customer (if theme_settings.restrict_to_login '!==' true)}}\n                {{> components/products/price price=price customer=customer}}\n            {{else}}\n                {{> components/common/login-for-pricing}}\n            {{/or}}\n        </div>\n        {{#if has_options}}\n        <div class=\"card-swatches\" data-url=\"{{url}}\" data-id=\"{{id}}\">\n        </div>\n        {{/if}}\n        {{#if stock_level}}\n            <div class=\"card-text\">\n                {{stock_level}} {{lang \"products.in_stock_info\"}}\n            </div>\n        {{/if}}\n        {{#or customer (if theme_settings.restrict_to_login '!==' true)}}\n            {{#if show_cart_action}}\n                {{#if has_options}}\n                    <a href=\"{{url}}\" class=\"button button--small card-figcaption-button button--action\" data-product-id=\"{{id}}\">{{lang 'products.choose_options'}}</a>\n                {{/if}}\n                {{#if pre_order}}\n                    <a href=\"{{url}}\" class=\"button button--small card-figcaption-button button--action\">{{lang 'products.pre_order'}}</a>\n                {{/if}}\n                {{#if add_to_cart_url }}\n                    <a href=\"{{add_to_cart_url}}\" class=\"button button--small card-figcaption-button button--action\">{{lang 'products.add_to_cart'}}</a>\n                {{/if}}\n            {{/if}}\n        {{/or}}\n    </div>\n</article>\n","components/products/ratings":"{{#for 1 5}}\n    {{#if ../this.rating '>=' $index}}\n        <span class=\"icon icon--ratingFull\">\n            <svg>\n                <use xlink:href=\"#icon-star\" />\n            </svg>\n        </span>\n    {{else}}\n        <span class=\"icon icon--ratingEmpty\">\n            <svg>\n                <use xlink:href=\"#icon-star\" />\n            </svg>\n        </span>\n    {{/if}}\n{{/for}}\n{{{snippet 'product_rating'}}}\n","components/products/price":"{{#or has_options product.options.length}}\n    {{#if price.with_tax}}\n        <div class=\"price-section price-section--withTax\" {{#if schema_org}}itemprop=\"offers\" itemscope itemtype=\"http://schema.org/Offer\"{{/if}}>\n            {{#if price.rrp_with_tax}}\n                <span data-product-rrp-with-tax class=\"price price--rrp\">{{price.rrp_with_tax.formatted}}</span>\n            {{/if}}\n            {{#if page_type '!==' 'product'}}\n                {{#if theme_settings.price_as_low_as}}\n                    <span>{{lang 'products.as_low_as'}} </span>\n                {{/if}}\n            {{/if}}\n            <span data-product-price-with-tax class=\"price\">{{price.with_tax.formatted}}</span>\n            {{#if price.without_tax}}\n                {{lang 'products.price_with_tax' tax_label=price.tax_label}}\n            {{/if}}\n        </div>\n    {{/if}}\n    {{#if price.without_tax}}\n        <div class=\"price-section price-section--withoutTax {{#if price.with_tax}}price-section--minor{{/if}}\"  {{#if schema_org}}itemprop=\"offers\" itemscope itemtype=\"http://schema.org/Offer\"{{/if}}>\n            {{#if price.rrp_without_tax}}\n                <span data-product-rrp-without-tax class=\"price price--rrp\">{{price.rrp_without_tax.formatted}}</span>\n            {{/if}}\n            {{#if schema_org}}\n                <meta itemprop=\"price\" content=\"{{price.without_tax.value}}\">\n                <meta itemprop=\"priceCurrency\" content=\"{{currency_selector.active_currency_code}}\">\n                <meta itemprop=\"availability\" content=\"{{product.availability}}\">\n                <meta itemprop=\"itemCondition\" itemtype=\"http://schema.org/OfferItemCondition\" content=\"http://schema.org/{{product.condition}}Condition\">\n            {{/if}}\n            {{#if page_type '!==' 'product'}}\n                {{#if theme_settings.price_as_low_as}}\n                    <span>{{lang 'products.as_low_as'}} </span>\n                {{/if}}\n            {{/if}}\n            <span data-product-price-without-tax class=\"price price--withoutTax\">{{price.without_tax.formatted}}</span>\n            {{#if price.with_tax}}\n                <abbr title=\"{{lang 'products.excluding_tax'}}\">{{lang 'products.price_without_tax' tax_label=price.tax_label}}</abbr>\n            {{/if}}\n        </div>\n    {{/if}}\n    {{#if page_type '===' 'product'}}\n        {{#if price.saved}}\n            <div class=\"price-section price-section--saving\">\n                <span class=\"price\">\n                    {{lang 'products.you_save' amount=price.saved.formatted}}\n                </span>\n            </div>\n        {{/if}}\n    {{/if}}\n{{else}}\n    {{#if price.with_tax}}\n        <div class=\"price-section price-section--withTax\" {{#if schema_org}}itemprop=\"offers\" itemscope itemtype=\"http://schema.org/Offer\"{{/if}}>\n            {{#if price.rrp_with_tax}}\n                <span data-product-rrp-with-tax class=\"price price--rrp\">{{price.rrp_with_tax.formatted}}</span>\n            {{/if}}\n            <span data-product-price-with-tax class=\"price\">{{price.with_tax.formatted}}</span>\n            {{#if price.without_tax}}\n                {{lang 'products.price_with_tax' tax_label=price.tax_label}}\n            {{/if}}\n        </div>\n    {{/if}}\n    {{#if price.without_tax}}\n        <div class=\"price-section price-section--withoutTax {{#if price.with_tax}}price-section--minor{{/if}}\"  {{#if schema_org}}itemprop=\"offers\" itemscope itemtype=\"http://schema.org/Offer\"{{/if}}>\n            {{#if price.rrp_without_tax}}\n                <span data-product-rrp-without-tax class=\"price price--rrp\">{{price.rrp_without_tax.formatted}}</span>\n            {{/if}}\n            {{#if schema_org}}\n                <meta itemprop=\"price\" content=\"{{price.without_tax.value}}\">\n                <meta itemprop=\"priceCurrency\" content=\"{{currency_selector.active_currency_code}}\">\n            {{/if}}\n            <span data-product-price-without-tax class=\"price price--withoutTax\">{{price.without_tax.formatted}}</span>\n            {{#if price.with_tax}}\n                <abbr title=\"{{lang 'products.excluding_tax'}}\">{{lang 'products.price_without_tax' tax_label=price.tax_label}}</abbr>\n            {{/if}}\n        </div>\n    {{/if}}\n    {{#if page_type '===' 'product'}}\n        {{#if price.saved}}\n            <div class=\"price-section price-section--saving\">\n                <span class=\"price\">\n                    {{lang 'products.you_save' amount=price.saved.formatted}}\n                </span>\n            </div>\n        {{/if}}\n    {{/if}}\n{{/or}}\n","components/common/login-for-pricing":"<p>{{lang 'login.login_for_pricing'}}</p>\n"}