[{"name":"Global","settings":[{"type":"color","label":"Primary color","id":"color-primary"},{"type":"color","label":"Page background color","id":"body-bg"},{"type":"color","label":"Common light border","id":"container-border-global-color-base"},{"type":"color","label":"Common dark border","id":"container-border-global-color-dark"},{"type":"color","label":"Common light background","id":"container-fill-base"},{"type":"color","label":"Common dark background","id":"container-fill-dark"},{"type":"heading","content":"Loading indicators"},{"type":"color","label":"Spinner light half","id":"spinner-borderColor-light"},{"type":"color","label":"Spinner dark half","id":"spinner-borderColor-dark"},{"type":"heading","content":"Overlays"},{"type":"color","label":"Modal overlay background color","id":"overlay-backgroundColor"},{"type":"color","label":"Loading overlay background color","id":"loadingOverlay-backgroundColor"}]},{"name":"Theme Features","settings":[{"type":"checkbox","label":"Show Phone Number in Header","force_reload":true,"id":"show_phone_in_header"},{"type":"checkbox","label":"Enable Add to Wishlist on Product Listings","force_reload":true,"id":"enable_wishlist_on_grid"},{"type":"checkbox","label":"Hide Details on Product Listings in Hover Container (Large Screens)","force_reload":true,"id":"enable_hover_cards"},{"type":"checkbox","label":"Enable Image Hover Switcher (Uses second product image for the hover function. Please use exactly the same size images for rollovers)","force_reload":true,"id":"enable_image_hover_switcher"},{"type":"checkbox","label":"Hide All Product Card Buttons","force_reload":true,"id":"hide_card_buttons"},{"type":"checkbox","label":"Enable Sticky Navigation","force_reload":true,"id":"enable_sticky_nav"},{"type":"checkbox","label":"Enable Grid/List Switcher on Category Pages","force_reload":true,"id":"enable_grid_list_view"},{"type":"checkbox","label":"Enable Color Swatches on Product Listings","force_reload":true,"id":"enable_color_swatches"},{"type":"checkbox","label":"Enable Color Swatches on Related Product Listings","reference":"enable_color_swatches","reference_default":false,"force_reload":true,"id":"enable_related_color_swatches"}]},{"name":"Newsletter Popup Settings","settings":[{"type":"checkbox","label":"Show Newsletter Popup","force_reload":true,"id":"show_newsletter_box"},{"type":"select","label":"Delay before showing","reference":"show_newsletter_box","reference_default":false,"id":"newsletter_box_delay","options":[{"value":5000,"label":"5 seconds"},{"value":10000,"label":"10 seconds"},{"value":15000,"label":"15 seconds"},{"value":20000,"label":"20 seconds"},{"value":25000,"label":"25 seconds"},{"value":30000,"label":"30 seconds"}],"force_reload":true},{"type":"select","label":"After dismissing, show again after","reference":"show_newsletter_box","reference_default":false,"id":"newsletter_box_reappear_after","options":[{"value":1,"label":"1 day"},{"value":2,"label":"2 days"},{"value":3,"label":"3 days"},{"value":4,"label":"4 days"},{"value":5,"label":"5 days"},{"value":6,"label":"6 days"},{"value":7,"label":"7 days"},{"value":10,"label":"10 days"},{"value":30,"label":"30 days"}],"force_reload":true}]},{"name":"Typography & Icons","settings":[{"type":"heading","content":"Logo"},{"type":"font","label":"Font family","id":"logo-font","options":[{"group":"Lato","label":"Lato Regular","value":"Google_Lato_400"},{"group":"Lato","label":"Lato Bold","value":"Google_Lato_700"},{"group":"Noto Serif","label":"Noto Serif Regular","value":"Google_Noto+Serif_400"},{"group":"Noto Sans","label":"Noto Sans Regular","value":"Google_Noto+Sans_400"},{"group":"Noto Sans","label":"Noto Sans Bold","value":"Google_Noto+Sans_700"},{"group":"Oswald","label":"Oswald Regular","value":"Google_Oswald_400"},{"group":"Oswald","label":"Oswald Bold","value":"Google_Oswald_700"},{"group":"Pacifico","label":"Pacifico Regular","value":"Google_Pacifico_400"}]},{"type":"select","label":"Font size for Logo","id":"fontSize-logo","options":[{"value":32,"label":"32px"},{"value":36,"label":"36px"},{"value":42,"label":"42px"},{"value":48,"label":"48px"},{"value":50,"label":"50px"},{"value":60,"label":"60px"}]},{"type":"select","label":"Font case for Logo","id":"fontCase-logo","options":[{"value":"none","label":"Normal"},{"value":"uppercase","label":"UPPERCASE"}]},{"type":"heading","content":"Body text"},{"type":"font","label":"Font family","id":"body-font","options":[{"group":"Lato","label":"Lato Regular","value":"Google_Lato_400,700"},{"group":"Noto Serif","label":"Noto Serif Regular","value":"Google_Noto+Serif_400,700"},{"group":"Noto Sans","label":"Noto Sans Regular","value":"Google_Noto+Sans_400,700"}]},{"type":"select","label":"Font size","id":"fontSize-root","options":[{"value":12,"label":"12px"},{"value":13,"label":"13px"},{"value":14,"label":"14px"},{"value":16,"label":"16px"},{"value":18,"label":"18px"}]},{"type":"heading","content":"Headings"},{"type":"font","label":"Font family","id":"headings-font","options":[{"group":"Lato","label":"Lato Regular","value":"Google_Lato_400"},{"group":"Lato","label":"Lato Bold","value":"Google_Lato_700"},{"group":"Noto Serif","label":"Noto Serif Regular","value":"Google_Noto+Serif_400"},{"group":"Noto Sans","label":"Noto Sans Regular","value":"Google_Noto+Sans_400"},{"group":"Noto Sans","label":"Noto Sans Bold","value":"Google_Noto+Sans_700"},{"group":"Oswald","label":"Oswald Regular","value":"Google_Oswald_400"},{"group":"Oswald","label":"Oswald Bold","value":"Google_Oswald_700"}]},{"type":"select","label":"Font size <h1>","id":"fontSize-h1","options":[{"value":24,"label":"24px"},{"value":26,"label":"26px"},{"value":28,"label":"28px"},{"value":32,"label":"32px"},{"value":36,"label":"36px"}]},{"type":"select","label":"Font size <h2>","id":"fontSize-h2","options":[{"value":21,"label":"21px"},{"value":23,"label":"23px"},{"value":25,"label":"25px"},{"value":29,"label":"29px"},{"value":33,"label":"33px"}]},{"type":"select","label":"Font size <h3>","id":"fontSize-h3","options":[{"value":18,"label":"18px"},{"value":20,"label":"20px"},{"value":22,"label":"22px"},{"value":26,"label":"26px"},{"value":30,"label":"30px"}]},{"type":"select","label":"Font size <h4>","id":"fontSize-h4","options":[{"value":16,"label":"16px"},{"value":18,"label":"18px"},{"value":20,"label":"20px"},{"value":24,"label":"24px"},{"value":28,"label":"28px"}]},{"type":"select","label":"Font size <h5>","id":"fontSize-h5","options":[{"value":11,"label":"11px"},{"value":13,"label":"13px"},{"value":15,"label":"15px"},{"value":19,"label":"19px"},{"value":23,"label":"23px"}]},{"type":"select","label":"Font size <h6>","id":"fontSize-h6","options":[{"value":9,"label":"9px"},{"value":11,"label":"11px"},{"value":13,"label":"13px"},{"value":17,"label":"17px"},{"value":21,"label":"21px"}]},{"type":"heading","content":"Text colors"},{"type":"color","label":"Text color","id":"color-textBase"},{"type":"color","label":"Text hover color","id":"color-textBase--hover"},{"type":"color","label":"Secondary text color","id":"color-textSecondary"},{"type":"color","label":"Secondary text hover color","id":"color-textSecondary--hover"},{"type":"color","label":"Headings text color","id":"color-textHeading"},{"type":"heading","content":"Link colors"},{"type":"color","label":"Link color","id":"color-textLink"},{"type":"color","label":"Link hover color","id":"color-textLink--hover"},{"type":"color","label":"Link active color","id":"color-textLink--active"},{"type":"heading","content":"Icon colors"},{"type":"color","label":"Icon color","id":"icon-color"},{"type":"color","label":"Icon hover color","id":"icon-color-hover"},{"type":"color","label":"Rating empty icon color","id":"icon-ratingEmpty"},{"type":"color","label":"Rating full icon color","id":"icon-ratingFull"},{"type":"color","label":"Button icon color","id":"button--icon-svg-color"}]},{"name":"Labels and Tags","settings":[{"type":"heading","content":"New Products"},{"type":"checkbox","label":"Enable New Product Badges","force_reload":true,"id":"enable_new_product_badges"},{"type":"color","label":"Text color","reference":"enable_new_product_badges","reference_default":false,"id":"badge-new-color"},{"type":"color","label":"Label color","reference":"enable_new_product_badges","reference_default":false,"id":"badge-new-backgroundColor"},{"type":"heading","content":"Sale Items"},{"type":"color","label":"Sale strike-out color","id":"color-sale-strikeout"},{"type":"heading","content":"Product Sale Badges"},{"type":"select","label":"Display Product Sale Badges","id":"product_sale_badges","force_reload":true,"options":[{"value":"none","label":"None"},{"value":"topleft","label":"Top Left"},{"value":"sash","label":"Diagonal"},{"value":"burst","label":"Burst"}]},{"type":"color","label":"Text Color","id":"color_text_product_sale_badges"},{"type":"color","label":"Badge Color","id":"color_badge_product_sale_badges"},{"type":"color","label":"Hover Badge Color (Excludes 'Burst')","id":"color_hover_product_sale_badges"},{"type":"checkbox","label":"Enable Badges on Sale Items","force_reload":true,"id":"enable_discount_badges"},{"type":"checkbox","label":"Enable Percentage Sale Badge (Requires 'Enable Badges on Sale Items' to be enabled)","force_reload":true,"id":"enable_percentage_sale_badge"},{"type":"color","label":"Text color","reference":"enable_discount_badges","reference_default":false,"id":"badge-sale-color"},{"type":"color","label":"Label color","reference":"enable_discount_badges","reference_default":false,"id":"badge-sale-backgroundColor"},{"type":"heading","content":"Custom Labels"},{"type":"color","label":"Text color","id":"badge-custom-color"},{"type":"color","label":"Label color","id":"badge-custom-backgroundColor"},{"type":"heading","content":"Out of Stock Items"},{"type":"color","label":"Text color","id":"badge-ous-color"},{"type":"color","label":"Label color","id":"badge-ous-backgroundColor"},{"type":"heading","content":"Selling Fast Items"},{"type":"checkbox","label":"Enable Selling Fast Label on Product Listings","force_reload":true,"id":"enable_selling_fast"},{"type":"color","label":"Text color","reference":"enable_selling_fast","reference_default":false,"id":"badge-selling-fast-color"},{"type":"color","label":"Label color","reference":"enable_selling_fast","reference_default":false,"id":"badge-selling-fast-backgroundColor"}]},{"name":"Buttons","settings":[{"type":"heading","content":"Primary button"},{"type":"color","label":"Text color","id":"button--primary-color"},{"type":"color","label":"Text hover color","id":"button--primary-colorHover"},{"type":"color","label":"Text active color","id":"button--primary-colorActive"},{"type":"color","label":"Background color","id":"button--primary-backgroundColor"},{"type":"color","label":"Background hover color","id":"button--primary-backgroundColorHover"},{"type":"color","label":"Background active color","id":"button--primary-backgroundColorActive"},{"type":"heading","content":"Action button"},{"type":"color","label":"Text color","id":"button--action-color"},{"type":"color","label":"Text hover color","id":"button--action-colorHover"},{"type":"color","label":"Text active color","id":"button--action-colorActive"},{"type":"color","label":"Background color","id":"button--action-backgroundColor"},{"type":"color","label":"Background hover color","id":"button--action-backgroundColorHover"},{"type":"color","label":"Background active color","id":"button--action-backgroundColorActive"},{"type":"heading","content":"Default button"},{"type":"color","label":"Text color","id":"button--default-color"},{"type":"color","label":"Text hover color","id":"button--default-colorHover"},{"type":"color","label":"Text active color","id":"button--default-colorActive"},{"type":"color","label":"Border color","id":"button--default-borderColor"},{"type":"color","label":"Border hover color","id":"button--default-borderColorHover"},{"type":"color","label":"Border active color","id":"button--default-borderColorActive"},{"type":"heading","content":"Disabled button"},{"type":"color","label":"Text color","id":"button--disabled-color"},{"type":"color","label":"Background color","id":"button--disabled-backgroundColor"},{"type":"color","label":"Border color","id":"button--disabled-borderColor"},{"type":"heading","content":"Apple Pay"},{"type":"select","label":"Button Color","id":"applePay-button","options":[{"value":"black","label":"Black (white text)"},{"value":"white","label":"White (black text)"},{"value":"white-border","label":"White (black text with border)"}]}]},{"name":"Forms","settings":[{"type":"heading","content":"Labels"},{"type":"color","label":"Text color","id":"form-label-font-color"},{"type":"heading","content":"Input fields"},{"type":"color","label":"Text color","id":"input-font-color"},{"type":"color","label":"Background color","id":"input-bg-color"},{"type":"color","label":"Border color","id":"input-border-color"},{"type":"color","label":"Border active color","id":"input-border-color-active"},{"type":"color","label":"Disabled background color","id":"input-disabled-bg"},{"type":"heading","content":"Select boxes"},{"type":"color","label":"Background color","id":"select-bg-color"},{"type":"color","label":"Arrow icon color","id":"select-arrow-color"},{"type":"heading","content":"Checkbox & Radio button"},{"type":"color","label":"Icon color","id":"checkRadio-color"},{"type":"color","label":"Background color","id":"checkRadio-backgroundColor"},{"type":"color","label":"Border color","id":"checkRadio-borderColor"}]},{"name":"Header","settings":[{"type":"color","label":"Store name text color","id":"storeName-color"},{"type":"color","label":"Store name text color (Sticky)","id":"storeName--sticky-color"},{"type":"color","label":"Background color","id":"header-backgroundColor"},{"type":"color","label":"Navigation Background color","id":"header-navigation-backgroundColor"},{"type":"color","label":"Navigation Background color (Sticky)","id":"header--sticky-backgroundColor"},{"type":"heading","content":"User navigation"},{"type":"color","label":"Text color","id":"navUser-color"},{"type":"color","label":"Text hover color","id":"navUser-color-hover"},{"type":"color","label":"Dropdown background color","id":"navUser-dropdown-backgroundColor"},{"type":"color","label":"Dropdown border color","id":"navUser-dropdown-borderColor"},{"type":"color","label":"Cart counter background color","id":"navUser-indicator-backgroundColor"},{"type":"heading","content":"Page navigation"},{"type":"checkbox","label":"Hide Content Pages in Main Menu","force_reload":true,"id":"hide_content_navigation"},{"type":"color","label":"Text color","id":"navPages-color"},{"type":"color","label":"Text hover color","id":"navPages-color-hover"},{"type":"color","label":"Dropdown background color","id":"navPages-subMenu-backgroundColor"},{"type":"color","label":"Dropdown border color","id":"navPages-subMenu-separatorColor"},{"type":"color","label":"Dropdown text color","id":"navPages-subMenu-color"},{"type":"color","label":"Dropdown text hover color","id":"navPages-subMenu-color-hover"},{"type":"heading","content":"Quick search"},{"type":"color","label":"Background color","id":"dropdown--quickSearch-backgroundColor"}]},{"name":"Logo","settings":[{"type":"select","label":"Position","id":"logo-position","force_reload":true,"options":[{"value":"right","label":"Right"},{"value":"center","label":"Center"},{"value":"left","label":"Left"}]},{"type":"heading","content":"Text based logo"},{"type":"select","label":"Font size","id":"logo_fontSize","options":[{"value":14,"label":"14px"},{"value":16,"label":"16px"},{"value":18,"label":"18px"},{"value":20,"label":"20px"},{"value":22,"label":"22px"},{"value":24,"label":"24px"},{"value":26,"label":"26px"},{"value":28,"label":"28px"},{"value":30,"label":"30px"},{"value":32,"label":"32px"},{"value":34,"label":"34px"},{"value":36,"label":"36px"},{"value":38,"label":"38px"},{"value":40,"label":"40px"},{"value":42,"label":"42px"},{"value":44,"label":"44px"},{"value":46,"label":"46px"},{"value":48,"label":"48px"},{"value":50,"label":"50px"},{"value":52,"label":"52px"},{"value":54,"label":"54px"},{"value":56,"label":"56px"},{"value":58,"label":"58px"},{"value":60,"label":"60px"},{"value":62,"label":"62px"},{"value":64,"label":"64px"},{"value":66,"label":"66px"},{"value":68,"label":"68px"},{"value":70,"label":"70px"},{"value":72,"label":"72px"},{"value":74,"label":"74px"}]},{"type":"color","label":"Text Color","id":"storeName-color"},{"type":"font","label":"Font family","id":"logo-font","options":[{"group":"Oswald","label":"Oswald","value":"Google_Oswald_400"},{"group":"Oswald","label":"Oswald Light","value":"Google_Oswald_300"}]},{"type":"heading","content":"Custom image logo"},{"type":"imageDimension","label":"Size","id":"logo_size","description":"Please specify a maximum image size for desktop display. We'll automatically scale down the image for smaller devices.","force_reload":true,"options":[{"value":"original","label":"Original (as uploaded)"},{"value":"250x100","label":"Optimized for theme"},{"value":"custom","label":"Specify dimensions"}]}]},{"name":"Carousel","settings":[{"type":"color","label":"Background color","id":"carousel-bgColor"},{"type":"color","label":"Title color","id":"carousel-title-color"},{"type":"color","label":"Description color","id":"carousel-description-color"},{"type":"color","label":"Indicator color","id":"carousel-dot-color"},{"type":"color","label":"Indicator active color","id":"carousel-dot-color-active"},{"type":"color","label":"Indicator background color","id":"carousel-dot-bgColor"},{"type":"color","label":"Arrow color","id":"carousel-arrow-color"},{"type":"color","label":"Arrow background color","id":"carousel-arrow-bgColor"}]},{"name":"Payment Icons","settings":[{"type":"checkbox","label":"Show Payment Icons","force_reload":true,"id":"show_payment_icons"},{"type":"checkbox","label":"American Express","reference":"show_payment_icons","reference_default":false,"force_reload":true,"id":"show_accept_amex"},{"type":"checkbox","label":"Apple Pay","reference":"show_payment_icons","reference_default":false,"force_reload":true,"id":"show_accept_applepay"},{"type":"checkbox","label":"Discover","reference":"show_payment_icons","reference_default":false,"force_reload":true,"id":"show_accept_discover"},{"type":"checkbox","label":"Mastercard","reference":"show_payment_icons","reference_default":false,"force_reload":true,"id":"show_accept_mastercard"},{"type":"checkbox","label":"Paypal","reference":"show_payment_icons","reference_default":false,"force_reload":true,"id":"show_accept_paypal"},{"type":"checkbox","label":"Visa","reference":"show_payment_icons","reference_default":false,"force_reload":true,"id":"show_accept_visa"}]},{"name":"Products","settings":[{"type":"checkbox","label":"Show Quickview button","force_reload":true,"id":"show_product_quick_view"},{"type":"heading","content":"Home page"},{"type":"checkbox","label":"Show Featured Categories on Homepage","force_reload":true,"id":"show_featured_categories"},{"type":"select","label":"Featured Categories per Row","id":"homepage_featured_categories_column_count","force_reload":true,"options":[{"value":2,"label":"2"},{"value":3,"label":"3"},{"value":4,"label":"4"},{"value":5,"label":"5"},{"value":6,"label":"6"}]},{"type":"select","label":"Number of Featured Products","id":"homepage_featured_products_count","force_reload":true,"options":[{"value":0,"label":"Disable"},{"value":1,"label":"1"},{"value":2,"label":"2"},{"value":3,"label":"3"},{"value":4,"label":"4"},{"value":5,"label":"5"},{"value":6,"label":"6"},{"value":7,"label":"7"},{"value":8,"label":"8"},{"value":9,"label":"9"},{"value":10,"label":"10"},{"value":11,"label":"11"},{"value":12,"label":"12"}]},{"type":"select","label":"Featured Products per Row","id":"homepage_featured_products_column_count","force_reload":true,"options":[{"value":2,"label":"2"},{"value":3,"label":"3"},{"value":4,"label":"4"},{"value":5,"label":"5"},{"value":6,"label":"6"}]},{"type":"select","label":"Number of Most Popular Products","id":"homepage_top_products_count","force_reload":true,"options":[{"value":0,"label":"Disable"},{"value":1,"label":"1"},{"value":2,"label":"2"},{"value":3,"label":"3"},{"value":4,"label":"4"},{"value":5,"label":"5"},{"value":6,"label":"6"},{"value":7,"label":"7"},{"value":8,"label":"8"},{"value":9,"label":"9"},{"value":10,"label":"10"},{"value":11,"label":"11"},{"value":12,"label":"12"}]},{"type":"select","label":"Most Popular Products per Row","id":"homepage_top_products_column_count","force_reload":true,"options":[{"value":2,"label":"2"},{"value":3,"label":"3"},{"value":4,"label":"4"},{"value":5,"label":"5"},{"value":6,"label":"6"}]},{"type":"select","label":"Number of New Products","id":"homepage_new_products_count","force_reload":true,"options":[{"value":0,"label":"Disable"},{"value":1,"label":"1"},{"value":2,"label":"2"},{"value":3,"label":"3"},{"value":4,"label":"4"},{"value":5,"label":"5"},{"value":6,"label":"6"},{"value":7,"label":"7"},{"value":8,"label":"8"},{"value":9,"label":"9"},{"value":10,"label":"10"},{"value":11,"label":"11"},{"value":12,"label":"12"}]},{"type":"select","label":"New Products per Row","id":"homepage_new_products_column_count","force_reload":true,"options":[{"value":2,"label":"2"},{"value":3,"label":"3"},{"value":4,"label":"4"},{"value":5,"label":"5"},{"value":6,"label":"6"}]},{"type":"heading","content":"Product page"},{"type":"checkbox","label":"Show Description Below Images (Large Screens)","force_reload":true,"id":"show_product_description_below"},{"type":"select","label":"Number of Product Reviews","id":"productpage_reviews_count","force_reload":true,"options":[{"value":0,"label":"Disable"},{"value":1,"label":"1"},{"value":2,"label":"2"},{"value":3,"label":"3"},{"value":4,"label":"4"},{"value":5,"label":"5"},{"value":6,"label":"6"},{"value":7,"label":"7"},{"value":8,"label":"8"},{"value":9,"label":"9"},{"value":10,"label":"10"},{"value":11,"label":"11"},{"value":12,"label":"12"}]},{"type":"select","label":"Number of Related Products","id":"productpage_related_products_count","force_reload":true,"options":[{"value":0,"label":"Disable"},{"value":1,"label":"1"},{"value":2,"label":"2"},{"value":3,"label":"3"},{"value":4,"label":"4"},{"value":5,"label":"5"},{"value":6,"label":"6"},{"value":7,"label":"7"},{"value":8,"label":"8"},{"value":9,"label":"9"},{"value":10,"label":"10"},{"value":11,"label":"11"},{"value":12,"label":"12"}]},{"type":"select","label":"Number of Customers Also Viewed Products","id":"productpage_similar_by_views_count","force_reload":true,"options":[{"value":0,"label":"Disable"},{"value":1,"label":"1"},{"value":2,"label":"2"},{"value":3,"label":"3"},{"value":4,"label":"4"},{"value":5,"label":"5"},{"value":6,"label":"6"},{"value":7,"label":"7"},{"value":8,"label":"8"},{"value":9,"label":"9"},{"value":10,"label":"10"},{"value":11,"label":"11"},{"value":12,"label":"12"}]},{"label":"Product Swatch Image Sizes","type":"imageDimension","id":"swatch_option_size","force_reload":true,"options":[{"value":"22x22","label":"Standard"},{"value":"custom","label":"Specify dimensions"}]},{"type":"paragraph","content":"*For texture swatches, max dimensions are 150x150."},{"type":"heading","content":"Category pages"},{"type":"select","label":"Number of products per page","id":"categorypage_products_per_page","force_reload":true,"options":[{"value":0,"label":"Disable"},{"value":6,"label":"6"},{"value":8,"label":"8"},{"value":9,"label":"9"},{"value":12,"label":"12"},{"value":15,"label":"15"},{"value":16,"label":"16"},{"value":18,"label":"18"},{"value":20,"label":"20"}]},{"type":"heading","content":"Brand pages"},{"type":"select","label":"Number of products per page","id":"brandpage_products_per_page","force_reload":true,"options":[{"value":0,"label":"Disable"},{"value":6,"label":"6"},{"value":8,"label":"8"},{"value":9,"label":"9"},{"value":12,"label":"12"},{"value":15,"label":"15"},{"value":16,"label":"16"},{"value":18,"label":"18"},{"value":20,"label":"20"}]},{"type":"heading","content":"Search results"},{"type":"select","label":"Number of products per page","id":"searchpage_products_per_page","force_reload":true,"options":[{"value":0,"label":"Disable"},{"value":6,"label":"6"},{"value":8,"label":"8"},{"value":9,"label":"9"},{"value":12,"label":"12"},{"value":15,"label":"15"},{"value":16,"label":"16"},{"value":18,"label":"18"},{"value":20,"label":"20"}]},{"type":"heading","content":"Product cards"},{"type":"color","label":"Product title color","id":"card-title-color"},{"type":"color","label":"Product title hover color","id":"card-title-color-hover"},{"type":"color","label":"Button text color","id":"card-figcaption-button-color"},{"type":"color","label":"Button background color","id":"card-figcaption-button-background"},{"type":"heading","content":"Product cards (Show on Hover)"},{"type":"color","label":"Background/Border color","id":"card-hc-backgroundColor"},{"type":"color","label":"Text color","id":"card-hc-title-color"},{"type":"heading","content":"Image sizes"},{"type":"paragraph","content":"Please specify a maximum image size for desktop display. We'll automatically scale down the image for smaller devices."},{"type":"imageDimension","label":"Main product images","id":"product_size","force_reload":true,"options":[{"value":"500x659","label":"Optimized for theme"},{"value":"custom","label":"Specify dimensions"}]},{"type":"imageDimension","label":"Thumbnail image","id":"productthumb_size","force_reload":true,"options":[{"value":"100x100","label":"Optimized for theme"},{"value":"custom","label":"Specify dimensions"}]},{"type":"imageDimension","label":"Zoomed image","id":"zoom_size","force_reload":true,"options":[{"value":"1280x1280","label":"Optimized for theme"},{"value":"custom","label":"Specify dimensions"}]},{"type":"imageDimension","label":"Image in gallery view","id":"productgallery_size","force_reload":true,"options":[{"value":"500x659","label":"Optimized for theme"},{"value":"custom","label":"Specify dimensions"}]},{"type":"imageDimension","label":"Brand image in gallery view","id":"brand_size","force_reload":true,"options":[{"value":"190x250","label":"Optimized for theme"},{"value":"custom","label":"Specify dimensions"}]}]},{"name":"Blog","settings":[{"type":"imageDimension","label":"Blog image size","id":"blog_size","force_reload":true,"options":[{"value":"500x500","label":"Optimized for theme"},{"value":"custom","label":"Specify dimensions"}]},{"type":"select","label":"Blog Posts on Home Page","id":"homepage_blog_posts_count","force_reload":true,"options":[{"value":0,"label":"Disable"},{"value":3,"label":"3"},{"value":4,"label":"4"},{"value":5,"label":"4"},{"value":6,"label":"6"},{"value":8,"label":"8"},{"value":9,"label":"9"},{"value":10,"label":"10"},{"value":12,"label":"12"}]},{"type":"select","label":"Blog Post Columns on Home Page","id":"homepage_blog_posts_column_count","force_reload":true,"options":[{"value":2,"label":"2"},{"value":3,"label":"3"},{"value":4,"label":"4"},{"value":5,"label":"5"},{"value":6,"label":"6"}]}]},{"name":"Optimized Checkout","enable":"ucoEnabled","settings":[{"type":"heading","content":"Header"},{"type":"color","label":"Background color","id":"optimizedCheckout-header-backgroundColor"},{"type":"checkbox","label":"Use custom background","id":"optimizedCheckout-show-backgroundImage"},{"type":"optimizedCheckout-image","label":"1000 x 400px recommended","reference":"optimizedCheckout-show-backgroundImage","reference_default":false,"id":"optimizedCheckout-backgroundImage"},{"type":"imageDimension","description":"Please specify a maximum image size for desktop display. We'll automatically scale down the image for smaller devices.","label":"","reference":"optimizedCheckout-show-backgroundImage","reference_default":false,"id":"optimizedCheckout-backgroundImage-size","options":[{"value":"1000x400","label":"Optimized for theme"},{"value":"custom","label":"Specify dimensions"}]},{"type":"heading","content":"Logo"},{"type":"select","label":"Use custom logo","id":"optimizedCheckout-show-logo","options":[{"value":"none","label":"None"},{"value":"custom","label":"Custom"}]},{"type":"optimizedCheckout-image","label":"250 x 100px recommended","reference":"optimizedCheckout-show-logo","reference_default":"none","force_reload":true,"id":"optimizedCheckout-logo"},{"type":"imageDimension","description":"Please specify a maximum image size for desktop display. We'll automatically scale down the image for smaller devices.","label":"","reference":"optimizedCheckout-show-logo","reference_default":"none","id":"optimizedCheckout-logo-size","force_reload":true,"options":[{"value":"250x100","label":"Optimized for theme"},{"value":"custom","label":"Specify dimensions"}]},{"type":"heading","content":"Order summary"},{"type":"color","label":"Background color","id":"optimizedCheckout-orderSummary-backgroundColor"},{"type":"heading","content":"Checkout steps"},{"type":"color","label":"Background color","id":"optimizedCheckout-step-backgroundColor"},{"type":"color","label":"Text color","id":"optimizedCheckout-step-text"},{"type":"heading","content":"Primary headings"},{"type":"color","label":"Text color","id":"optimizedCheckout-headingPrimary-color"},{"type":"font","label":"Font family","id":"optimizedCheckout-headingPrimary-font","options":[{"group":"Lato","label":"Lato Regular","value":"Google_Lato_400"},{"group":"Lato","label":"Lato Bold","value":"Google_Lato_700"},{"group":"Noto Serif","label":"Noto Serif Regular","value":"Google_Noto+Serif_400"},{"group":"Noto Sans","label":"Noto Sans Regular","value":"Google_Noto+Sans_400"},{"group":"Noto Sans","label":"Noto Sans Bold","value":"Google_Noto+Sans_700"},{"group":"Oswald","label":"Oswald Regular","value":"Google_Oswald_400"},{"group":"Oswald","label":"Oswald Bold","value":"Google_Oswald_700"}]},{"type":"heading","content":"Secondary headings"},{"type":"color","label":"Text color","id":"optimizedCheckout-headingSecondary-color"},{"type":"font","label":"Font family","id":"optimizedCheckout-headingSecondary-font","options":[{"group":"Lato","label":"Lato Regular","value":"Google_Lato_400"},{"group":"Lato","label":"Lato Bold","value":"Google_Lato_700"},{"group":"Noto Serif","label":"Noto Serif Regular","value":"Google_Noto+Serif_400"},{"group":"Noto Sans","label":"Noto Sans Regular","value":"Google_Noto+Sans_400"},{"group":"Noto Sans","label":"Noto Sans Bold","value":"Google_Noto+Sans_700"},{"group":"Oswald","label":"Oswald Regular","value":"Google_Oswald_400"},{"group":"Oswald","label":"Oswald Bold","value":"Google_Oswald_700"}]},{"type":"heading","content":"Body"},{"type":"color","label":"Background color","id":"optimizedCheckout-body-backgroundColor"},{"type":"heading","content":"Primary content"},{"type":"color","label":"Text color","id":"optimizedCheckout-contentPrimary-color"},{"type":"font","label":"Font family","id":"optimizedCheckout-contentPrimary-font","options":[{"group":"Lato","label":"Lato Regular","value":"Google_Lato_400,700"},{"group":"Noto Serif","label":"Noto Serif Regular","value":"Google_Noto+Serif_400,700"},{"group":"Noto Sans","label":"Noto Sans Regular","value":"Google_Noto+Sans_400,700"}]},{"type":"heading","content":"Secondary content"},{"type":"color","label":"Text color","id":"optimizedCheckout-contentSecondary-color"},{"type":"font","label":"Font family","id":"optimizedCheckout-contentSecondary-font","options":[{"group":"Lato","label":"Lato Regular","value":"Google_Lato_400,700"},{"group":"Noto Serif","label":"Noto Serif Regular","value":"Google_Noto+Serif_400,700"},{"group":"Noto Sans","label":"Noto Sans Regular","value":"Google_Noto+Sans_400,700"}]},{"type":"heading","content":"Links"},{"type":"color","label":"Text Color","id":"optimizedCheckout-link-color"},{"type":"font","label":"Font family","id":"optimizedCheckout-link-font","options":[{"group":"Lato","label":"Lato Regular","value":"Google_Lato_400"},{"group":"Lato","label":"Lato Bold","value":"Google_Lato_700"},{"group":"Noto Serif","label":"Noto Serif Regular","value":"Google_Noto+Serif_400"},{"group":"Noto Sans","label":"Noto Sans Regular","value":"Google_Noto+Sans_400"},{"group":"Noto Sans","label":"Noto Sans Bold","value":"Google_Noto+Sans_700"}]},{"type":"heading","content":"Primary button"},{"type":"color","label":"Text color","id":"optimizedCheckout-buttonPrimary-color"},{"type":"color","label":"Text hover color","id":"optimizedCheckout-buttonPrimary-colorHover"},{"type":"color","label":"Text active color","id":"optimizedCheckout-buttonPrimary-colorActive"},{"type":"color","label":"Background color","id":"optimizedCheckout-buttonPrimary-backgroundColor"},{"type":"color","label":"Background hover color","id":"optimizedCheckout-buttonPrimary-backgroundColorHover"},{"type":"color","label":"Background active color","id":"optimizedCheckout-buttonPrimary-backgroundColorActive"},{"type":"color","label":"Border color","id":"optimizedCheckout-buttonPrimary-borderColor"},{"type":"color","label":"Border hover color","id":"optimizedCheckout-buttonPrimary-borderColorHover"},{"type":"color","label":"Border active color","id":"optimizedCheckout-buttonPrimary-borderColorActive"},{"type":"font","label":"Font family","id":"optimizedCheckout-buttonPrimary-font","options":[{"group":"Lato","label":"Lato Regular","value":"Google_Lato_400"},{"group":"Lato","label":"Lato Bold","value":"Google_Lato_700"},{"group":"Noto Serif","label":"Noto Serif Regular","value":"Google_Noto+Serif_400"},{"group":"Noto Sans","label":"Noto Sans Regular","value":"Google_Noto+Sans_400"},{"group":"Noto Sans","label":"Noto Sans Bold","value":"Google_Noto+Sans_700"}]},{"type":"heading","content":"Secondary button"},{"type":"color","label":"Text color","id":"optimizedCheckout-buttonSecondary-color"},{"type":"color","label":"Background color","id":"optimizedCheckout-buttonSecondary-backgroundColor"},{"type":"color","label":"Border color","id":"optimizedCheckout-buttonSecondary-borderColor"},{"type":"font","label":"Font family","id":"optimizedCheckout-buttonSecondary-font","options":[{"group":"Lato","label":"Lato Regular","value":"Google_Lato_400"},{"group":"Lato","label":"Lato Bold","value":"Google_Lato_700"},{"group":"Noto Serif","label":"Noto Serif Regular","value":"Google_Noto+Serif_400"},{"group":"Noto Sans","label":"Noto Sans Regular","value":"Google_Noto+Sans_400"},{"group":"Noto Sans","label":"Noto Sans Bold","value":"Google_Noto+Sans_700"}]},{"type":"heading","content":"Form labels"},{"type":"color","label":"Text Color","id":"optimizedCheckout-form-text"},{"type":"heading","content":"Form inputs"},{"type":"color","label":"Border Color","id":"optimizedCheckout-formField-borderColor"},{"type":"select","label":"Background Color","id":"optimizedCheckout-formField-backgroundColor","options":[{"value":"white","label":"White"},{"value":"transparent","label":"Transparent"}]}]},{"name":"Footer","settings":[{"type":"color","label":"Background color","id":"footer-backgroundColor"},{"type":"checkbox","label":"Show Powered By","force_reload":true,"id":"show_powered_by"},{"type":"checkbox","label":"Show Brands in Footer","force_reload":true,"id":"shop_by_brand_show_footer"},{"type":"checkbox","label":"Show Copyright Info","force_reload":true,"id":"show_copyright_footer"},{"type":"heading","content":"GeoTrust SSL"},{"type":"paragraph","content":"If you've purchased a GeoTrust SSL from BigCommerce, check your BigCommerce Account Dashboard for the correct Common Name to use here."},{"type":"text","label":"SSL Common Name","force_reload":true,"id":"geotrust_ssl_common_name"},{"type":"select","label":"Seal Size","id":"geotrust_ssl_seal_size","options":[{"value":"M","label":"Medium"},{"value":"S","label":"Small"}]},{"type":"checkbox","label":"Show Simple Footer","force_reload":true,"id":"show_simple_footer"},{"type":"color","label":"Simple Footer Newsletter Strip Background Color","reference":"show_simple_footer","reference_default":false,"id":"simple-footer-newsletter-backgroundColor"},{"type":"color","label":"Simple Footer Newsletter Heading Color","reference":"show_simple_footer","reference_default":false,"id":"simple-footer-newsletter-heading-color"},{"type":"color","label":"Simple Footer Newsletter Text Color","reference":"show_simple_footer","reference_default":false,"id":"simple-footer-newsletter-text-color"},{"type":"color","label":"Simple Footer Button Color","reference":"show_simple_footer","reference_default":false,"id":"simple-footer-button-backgroundColor"},{"type":"color","label":"Simple Footer Button Text Color","reference":"show_simple_footer","reference_default":false,"id":"simple-footer-button-color"},{"type":"color","label":"Simple Footer Button Hover Color","reference":"show_simple_footer","reference_default":false,"id":"simple-footer-button-backgroundColorHover"},{"type":"color","label":"Simple Footer Button Hover Text Color","reference":"show_simple_footer","reference_default":false,"id":"simple-footer-button-colorHover"},{"type":"color","label":"Simple Footer Button Active Color","reference":"show_simple_footer","reference_default":false,"id":"simple-footer-button-backgroundColorActive"},{"type":"color","label":"Simple Footer Button Active Text Color","reference":"show_simple_footer","reference_default":false,"id":"simple-footer-button-colorActive"}]},{"name":"Purchase Options","settings":[{"type":"paragraph","content":"Add 'As low as' pricing text to products with options on layout pages."},{"type":"checkbox","label":"Add 'As low as' text","force_reload":true,"id":"price_as_low_as"},{"type":"paragraph","content":"*only recommended if default options are set to lowest price available for each product"},{"type":"paragraph","content":"Hide prices and add to cart buttons if customers aren't logged in."},{"type":"checkbox","label":"Restrict Purchase to Login","force_reload":true,"id":"restrict_to_login"}]}]